mcu,pin,function,alias
STM32F303K8Tx,PF0,RCC_OSC_IN,RCC_OSC_IN
STM32F303K8Tx,PF0,TIM1_CH3N,TIM_CHN
STM32F303K8Tx,PF0,GPIO_Input,GPIO_Input
STM32F303K8Tx,PF0,GPIO_Output,GPIO_Output
STM32F303K8Tx,PF0,GPIO_Analog,GPIO_Analog
STM32F303K8Tx,PF0,GPIO_EXTI,GPIO_EXTI
STM32F303K8Tx,PF1,RCC_OSC_OUT,RCC_OSC_OUT
STM32F303K8Tx,PF1,GPIO_Input,GPIO_Input
STM32F303K8Tx,PF1,GPIO_Output,GPIO_Output
STM32F303K8Tx,PF1,GPIO_Analog,GPIO_Analog
STM32F303K8Tx,PF1,GPIO_EXTI,GPIO_EXTI
STM32F303K8Tx,PA0,ADC1_IN1,ADC_IN
STM32F303K8Tx,PA0,RTC_TAMP2,RTC_TAMP
STM32F303K8Tx,PA0,SYS_WKUP1,SYS_WKUP
STM32F303K8Tx,PA0,TIM2_CH1,TIM_CH
STM32F303K8Tx,PA0,TIM2_ETR,TIM_ETR
STM32F303K8Tx,PA0,TSC_G1_IO1,TSC_G_IO
STM32F303K8Tx,PA0,USART2_CTS,USART_CTS
STM32F303K8Tx,PA0,GPIO_Input,GPIO_Input
STM32F303K8Tx,PA0,GPIO_Output,GPIO_Output
STM32F303K8Tx,PA0,GPIO_Analog,GPIO_Analog
STM32F303K8Tx,PA0,EVENTOUT,EVENTOUT
STM32F303K8Tx,PA0,GPIO_EXTI,GPIO_EXTI
STM32F303K8Tx,PA1,ADC1_IN2,ADC_IN
STM32F303K8Tx,PA1,RTC_REFIN,RTC_REFIN
STM32F303K8Tx,PA1,TIM15_CH1N,TIM_CHN
STM32F303K8Tx,PA1,TIM2_CH2,TIM_CH
STM32F303K8Tx,PA1,TSC_G1_IO2,TSC_G_IO
STM32F303K8Tx,PA1,USART2_DE,USART_DE
STM32F303K8Tx,PA1,USART2_RTS,USART_RTS
STM32F303K8Tx,PA1,GPIO_Input,GPIO_Input
STM32F303K8Tx,PA1,GPIO_Output,GPIO_Output
STM32F303K8Tx,PA1,GPIO_Analog,GPIO_Analog
STM32F303K8Tx,PA1,EVENTOUT,EVENTOUT
STM32F303K8Tx,PA1,GPIO_EXTI,GPIO_EXTI
STM32F303K8Tx,PA2,ADC1_IN3,ADC_IN
STM32F303K8Tx,PA2,COMP2_INM,COMP_INM
STM32F303K8Tx,PA2,COMP2_OUT,COMP_OUT
STM32F303K8Tx,PA2,TIM15_CH1,TIM_CH
STM32F303K8Tx,PA2,TIM2_CH3,TIM_CH
STM32F303K8Tx,PA2,TSC_G1_IO3,TSC_G_IO
STM32F303K8Tx,PA2,USART2_TX,USART_TX
STM32F303K8Tx,PA2,GPIO_Input,GPIO_Input
STM32F303K8Tx,PA2,GPIO_Output,GPIO_Output
STM32F303K8Tx,PA2,GPIO_Analog,GPIO_Analog
STM32F303K8Tx,PA2,EVENTOUT,EVENTOUT
STM32F303K8Tx,PA2,GPIO_EXTI,GPIO_EXTI
STM32F303K8Tx,PA3,ADC1_IN4,ADC_IN
STM32F303K8Tx,PA3,TIM15_CH2,TIM_CH
STM32F303K8Tx,PA3,TIM2_CH4,TIM_CH
STM32F303K8Tx,PA3,TSC_G1_IO4,TSC_G_IO
STM32F303K8Tx,PA3,USART2_RX,USART_RX
STM32F303K8Tx,PA3,GPIO_Input,GPIO_Input
STM32F303K8Tx,PA3,GPIO_Output,GPIO_Output
STM32F303K8Tx,PA3,GPIO_Analog,GPIO_Analog
STM32F303K8Tx,PA3,EVENTOUT,EVENTOUT
STM32F303K8Tx,PA3,GPIO_EXTI,GPIO_EXTI
STM32F303K8Tx,PA4,ADC2_IN1,ADC_IN
STM32F303K8Tx,PA4,COMP2_INM,COMP_INM
STM32F303K8Tx,PA4,COMP4_INM,COMP_INM
STM32F303K8Tx,PA4,DAC1_OUT1,DAC_OUT
STM32F303K8Tx,PA4,SPI1_NSS,SPI_NSS
STM32F303K8Tx,PA4,TIM3_CH2,TIM_CH
STM32F303K8Tx,PA4,TSC_G2_IO1,TSC_G_IO
STM32F303K8Tx,PA4,USART2_CK,USART_CK
STM32F303K8Tx,PA4,GPIO_Input,GPIO_Input
STM32F303K8Tx,PA4,GPIO_Output,GPIO_Output
STM32F303K8Tx,PA4,GPIO_Analog,GPIO_Analog
STM32F303K8Tx,PA4,EVENTOUT,EVENTOUT
STM32F303K8Tx,PA4,GPIO_EXTI,GPIO_EXTI
STM32F303K8Tx,PA5,ADC2_IN2,ADC_IN
STM32F303K8Tx,PA5,DAC1_OUT2,DAC_OUT
STM32F303K8Tx,PA5,OPAMP2_VINM,OPAMP_VINM
STM32F303K8Tx,PA5,OPAMP2_VINM_SEC,OPAMP_VINM_SEC
STM32F303K8Tx,PA5,SPI1_SCK,SPI_SCK
STM32F303K8Tx,PA5,TIM2_CH1,TIM_CH
STM32F303K8Tx,PA5,TIM2_ETR,TIM_ETR
STM32F303K8Tx,PA5,TSC_G2_IO2,TSC_G2_IO2
STM32F303K8Tx,PA5,GPIO_Input,GPIO_Input
STM32F303K8Tx,PA5,GPIO_Output,GPIO_Output
STM32F303K8Tx,PA5,GPIO_Analog,GPIO_Analog
STM32F303K8Tx,PA5,EVENTOUT,EVENTOUT
STM32F303K8Tx,PA5,GPIO_EXTI,GPIO_EXTI
STM32F303K8Tx,PA6,DAC2_IN3,DAC_IN
STM32F303K8Tx,PA6,DAC2_OUT1,DAC_OUT
STM32F303K8Tx,PA6,OPAMP2_VOUT,OPAMP_VOUT
STM32F303K8Tx,PA6,SPI1_MISO,SPI_MISO
STM32F303K8Tx,PA6,TIM16_CH1,TIM_CH
STM32F303K8Tx,PA6,TIM1_BKIN,TIM_BKIN
STM32F303K8Tx,PA6,TIM3_CH1,TIM_CH
STM32F303K8Tx,PA6,TSC_G2_IO3,TSC_G_IO
STM32F303K8Tx,PA6,GPIO_Input,GPIO_Input
STM32F303K8Tx,PA6,GPIO_Output,GPIO_Output
STM32F303K8Tx,PA6,GPIO_Analog,GPIO_Analog
STM32F303K8Tx,PA6,EVENTOUT,EVENTOUT
STM32F303K8Tx,PA6,GPIO_EXTI,GPIO_EXTI
STM32F303K8Tx,PA7,ADC2_IN4,ADC_IN
STM32F303K8Tx,PA7,COMP2_INP,COMP_INP
STM32F303K8Tx,PA7,OPAMP2_VINP,OPAMP_VINP
STM32F303K8Tx,PA7,OPAMP2_VINP_SEC,OPAMP_VINP_SEC
STM32F303K8Tx,PA7,SPI1_MOSI,SPI_MOSI
STM32F303K8Tx,PA7,TIM17_CH1,TIM_CH
STM32F303K8Tx,PA7,TIM1_CH1N,TIM_CHN
STM32F303K8Tx,PA7,TIM3_CH2,TIM_CH
STM32F303K8Tx,PA7,TSC_G2_IO4,TSC_G_IO
STM32F303K8Tx,PA7,GPIO_Input,GPIO_Input
STM32F303K8Tx,PA7,GPIO_Output,GPIO_Output
STM32F303K8Tx,PA7,GPIO_Analog,GPIO_Analog
STM32F303K8Tx,PA7,EVENTOUT,EVENTOUT
STM32F303K8Tx,PA7,GPIO_EXTI,GPIO_EXTI
STM32F303K8Tx,PB0,ADC1_IN11,ADC_IN
STM32F303K8Tx,PB0,COMP4_INP,COMP_INP
STM32F303K8Tx,PB0,OPAMP2_VINP,OPAMP_VINP
STM32F303K8Tx,PB0,OPAMP2_VINP_SEC,OPAMP_VINP_SEC
STM32F303K8Tx,PB0,TIM1_CH2N,TIM_CHN
STM32F303K8Tx,PB0,TIM3_CH3,TIM_CH
STM32F303K8Tx,PB0,TSC_G3_IO2,TSC_G_IO
STM32F303K8Tx,PB0,GPIO_Input,GPIO_Input
STM32F303K8Tx,PB0,GPIO_Output,GPIO_Output
STM32F303K8Tx,PB0,GPIO_Analog,GPIO_Analog
STM32F303K8Tx,PB0,EVENTOUT,EVENTOUT
STM32F303K8Tx,PB0,GPIO_EXTI,GPIO_EXTI
STM32F303K8Tx,PB1,ADC1_IN12,ADC_IN
STM32F303K8Tx,PB1,COMP4_OUT,COMP_OUT
STM32F303K8Tx,PB1,TIM1_CH3N,TIM_CHN
STM32F303K8Tx,PB1,TIM3_CH4,TIM_CH
STM32F303K8Tx,PB1,TSC_G3_IO3,TSC_G_IO
STM32F303K8Tx,PB1,GPIO_Input,GPIO_Input
STM32F303K8Tx,PB1,GPIO_Output,GPIO_Output
STM32F303K8Tx,PB1,GPIO_Analog,GPIO_Analog
STM32F303K8Tx,PB1,EVENTOUT,EVENTOUT
STM32F303K8Tx,PB1,GPIO_EXTI,GPIO_EXTI
STM32F303K8Tx,PA8,RCC_MCO,RCC_MCO
STM32F303K8Tx,PA8,TIM1_CH1,TIM_CH
STM32F303K8Tx,PA8,USART1_CK,USART_CK
STM32F303K8Tx,PA8,GPIO_Input,GPIO_Input
STM32F303K8Tx,PA8,GPIO_Output,GPIO_Output
STM32F303K8Tx,PA8,GPIO_Analog,GPIO_Analog
STM32F303K8Tx,PA8,EVENTOUT,EVENTOUT
STM32F303K8Tx,PA8,GPIO_EXTI,GPIO_EXTI
STM32F303K8Tx,PA9,DAC1_EXTI9,DAC_EXTI
STM32F303K8Tx,PA9,DAC2_EXTI9,DAC_EXTI
STM32F303K8Tx,PA9,TIM15_BKIN,TIM_BKIN
STM32F303K8Tx,PA9,TIM1_CH2,TIM_CH
STM32F303K8Tx,PA9,TIM2_CH3,TIM_CH
STM32F303K8Tx,PA9,TSC_G4_IO1,TSC_G_IO
STM32F303K8Tx,PA9,USART1_TX,USART_TX
STM32F303K8Tx,PA9,GPIO_Input,GPIO_Input
STM32F303K8Tx,PA9,GPIO_Output,GPIO_Output
STM32F303K8Tx,PA9,GPIO_Analog,GPIO_Analog
STM32F303K8Tx,PA9,EVENTOUT,EVENTOUT
STM32F303K8Tx,PA9,GPIO_EXTI,GPIO_EXTI
STM32F303K8Tx,PA10,TIM17_BKIN,TIM_BKIN
STM32F303K8Tx,PA10,TIM1_CH3,TIM_CH
STM32F303K8Tx,PA10,TIM2_CH4,TIM_CH
STM32F303K8Tx,PA10,TSC_G4_IO2,TSC_G_IO
STM32F303K8Tx,PA10,USART1_RX,USART_RX
STM32F303K8Tx,PA10,GPIO_Input,GPIO_Input
STM32F303K8Tx,PA10,GPIO_Output,GPIO_Output
STM32F303K8Tx,PA10,GPIO_Analog,GPIO_Analog
STM32F303K8Tx,PA10,EVENTOUT,EVENTOUT
STM32F303K8Tx,PA10,GPIO_EXTI,GPIO_EXTI
STM32F303K8Tx,PA11,CAN_RX,CAN_RX
STM32F303K8Tx,PA11,TIM1_BKIN2,TIM_BKIN
STM32F303K8Tx,PA11,TIM1_CH1N,TIM_CHN
STM32F303K8Tx,PA11,TIM1_CH4,TIM_CH
STM32F303K8Tx,PA11,USART1_CTS,USART_CTS
STM32F303K8Tx,PA11,GPIO_Input,GPIO_Input
STM32F303K8Tx,PA11,GPIO_Output,GPIO_Output
STM32F303K8Tx,PA11,GPIO_Analog,GPIO_Analog
STM32F303K8Tx,PA11,EVENTOUT,EVENTOUT
STM32F303K8Tx,PA11,GPIO_EXTI,GPIO_EXTI
STM32F303K8Tx,PA12,CAN_TX,CAN_TX
STM32F303K8Tx,PA12,COMP2_OUT,COMP_OUT
STM32F303K8Tx,PA12,TIM16_CH1,TIM_CH
STM32F303K8Tx,PA12,TIM1_CH2N,TIM_CHN
STM32F303K8Tx,PA12,TIM1_ETR,TIM_ETR
STM32F303K8Tx,PA12,USART1_DE,USART_DE
STM32F303K8Tx,PA12,USART1_RTS,USART_RTS
STM32F303K8Tx,PA12,GPIO_Input,GPIO_Input
STM32F303K8Tx,PA12,GPIO_Output,GPIO_Output
STM32F303K8Tx,PA12,GPIO_Analog,GPIO_Analog
STM32F303K8Tx,PA12,EVENTOUT,EVENTOUT
STM32F303K8Tx,PA12,GPIO_EXTI,GPIO_EXTI
STM32F303K8Tx,PA13,IR_OUT,IR_OUT
STM32F303K8Tx,PA13,SYS_JTMS-SWDIO,SWDIO
STM32F303K8Tx,PA13,TIM16_CH1N,TIM_CHN
STM32F303K8Tx,PA13,TSC_G4_IO3,TSC_G_IO
STM32F303K8Tx,PA13,GPIO_Input,GPIO_Input
STM32F303K8Tx,PA13,GPIO_Output,GPIO_Output
STM32F303K8Tx,PA13,GPIO_Analog,GPIO_Analog
STM32F303K8Tx,PA13,EVENTOUT,EVENTOUT
STM32F303K8Tx,PA13,GPIO_EXTI,GPIO_EXTI
STM32F303K8Tx,PA14,I2C1_SDA,I2C_SDA
STM32F303K8Tx,PA14,SYS_JTCK-SWCLK,SWCLK
STM32F303K8Tx,PA14,TIM1_BKIN,TIM_BKIN
STM32F303K8Tx,PA14,TSC_G4_IO4,TSC_G_IO
STM32F303K8Tx,PA14,USART2_TX,USART_TX
STM32F303K8Tx,PA14,GPIO_Input,GPIO_Input
STM32F303K8Tx,PA14,GPIO_Output,GPIO_Output
STM32F303K8Tx,PA14,GPIO_Analog,GPIO_Analog
STM32F303K8Tx,PA14,EVENTOUT,EVENTOUT
STM32F303K8Tx,PA14,GPIO_EXTI,GPIO_EXTI
STM32F303K8Tx,PA15,I2C1_SCL,I2C_SCL
STM32F303K8Tx,PA15,SPI1_NSS,SPI_NSS
STM32F303K8Tx,PA15,SYS_JTDI,JTDI
STM32F303K8Tx,PA15,TIM1_BKIN,TIM_BKIN
STM32F303K8Tx,PA15,TIM2_CH1,TIM_CH
STM32F303K8Tx,PA15,TIM2_ETR,TIM_ETR
STM32F303K8Tx,PA15,TSC_SYNC,TSC_SYNC
STM32F303K8Tx,PA15,USART2_RX,USART_RX
STM32F303K8Tx,PA15,GPIO_Input,GPIO_Input
STM32F303K8Tx,PA15,GPIO_Output,GPIO_Output
STM32F303K8Tx,PA15,GPIO_Analog,GPIO_Analog
STM32F303K8Tx,PA15,EVENTOUT,EVENTOUT
STM32F303K8Tx,PA15,GPIO_EXTI,GPIO_EXTI
STM32F303K8Tx,PB3,SPI1_SCK,SPI_SCK
STM32F303K8Tx,PB3,SYS_JTDO-TRACESWO,SWO
STM32F303K8Tx,PB3,TIM2_CH2,TIM_CH
STM32F303K8Tx,PB3,TIM3_ETR,TIM_ETR
STM32F303K8Tx,PB3,TSC_G5_IO1,TSC_G_IO
STM32F303K8Tx,PB3,USART2_TX,USART_TX
STM32F303K8Tx,PB3,GPIO_Input,GPIO_Input
STM32F303K8Tx,PB3,GPIO_Output,GPIO_Output
STM32F303K8Tx,PB3,GPIO_Analog,GPIO_Analog
STM32F303K8Tx,PB3,EVENTOUT,EVENTOUT
STM32F303K8Tx,PB3,GPIO_EXTI,GPIO_EXTI
STM32F303K8Tx,PB4,SPI1_MISO,SPI_MISO
STM32F303K8Tx,PB4,SYS_NJTRST,NJTRST
STM32F303K8Tx,PB4,TIM16_CH1,TIM_CH
STM32F303K8Tx,PB4,TIM17_BKIN,TIM_BKIN
STM32F303K8Tx,PB4,TIM3_CH1,TIM_CH
STM32F303K8Tx,PB4,TSC_G5_IO2,TSC_G_IO
STM32F303K8Tx,PB4,USART2_RX,USART_RX
STM32F303K8Tx,PB4,GPIO_Input,GPIO_Input
STM32F303K8Tx,PB4,GPIO_Output,GPIO_Output
STM32F303K8Tx,PB4,GPIO_Analog,GPIO_Analog
STM32F303K8Tx,PB4,EVENTOUT,EVENTOUT
STM32F303K8Tx,PB4,GPIO_EXTI,GPIO_EXTI
STM32F303K8Tx,PB5,I2C1_SMBA,I2C_SMBA
STM32F303K8Tx,PB5,SPI1_MOSI,SPI_MOSI
STM32F303K8Tx,PB5,TIM16_BKIN,TIM_BKIN
STM32F303K8Tx,PB5,TIM17_CH1,TIM_CH
STM32F303K8Tx,PB5,TIM3_CH2,TIM_CH
STM32F303K8Tx,PB5,USART2_CK,USART_CK
STM32F303K8Tx,PB5,GPIO_Input,GPIO_Input
STM32F303K8Tx,PB5,GPIO_Output,GPIO_Output
STM32F303K8Tx,PB5,GPIO_Analog,GPIO_Analog
STM32F303K8Tx,PB5,EVENTOUT,EVENTOUT
STM32F303K8Tx,PB5,GPIO_EXTI,GPIO_EXTI
STM32F303K8Tx,PB6,I2C1_SCL,I2C_SCL
STM32F303K8Tx,PB6,TIM16_CH1N,TIM_CHN
STM32F303K8Tx,PB6,TSC_G5_IO3,TSC_G_IO
STM32F303K8Tx,PB6,USART1_TX,USART_TX
STM32F303K8Tx,PB6,GPIO_Input,GPIO_Input
STM32F303K8Tx,PB6,GPIO_Output,GPIO_Output
STM32F303K8Tx,PB6,GPIO_Analog,GPIO_Analog
STM32F303K8Tx,PB6,EVENTOUT,EVENTOUT
STM32F303K8Tx,PB6,GPIO_EXTI,GPIO_EXTI
STM32F303K8Tx,PB7,I2C1_SDA,I2C_SDA
STM32F303K8Tx,PB7,TIM17_CH1N,TIM_CHN
STM32F303K8Tx,PB7,TIM3_CH4,TIM_CH
STM32F303K8Tx,PB7,TSC_G5_IO4,TSC_G_IO
STM32F303K8Tx,PB7,USART1_RX,USART_RX
STM32F303K8Tx,PB7,GPIO_Input,GPIO_Input
STM32F303K8Tx,PB7,GPIO_Output,GPIO_Output
STM32F303K8Tx,PB7,GPIO_Analog,GPIO_Analog
STM32F303K8Tx,PB7,EVENTOUT,EVENTOUT
STM32F303K8Tx,PB7,GPIO_EXTI,GPIO_EXTI
STM32F446RETx,PC13,RTC_AF1,RTC_AF
STM32F446RETx,PC13,SYS_WKUP1,SYS_WKUP
STM32F446RETx,PC13,GPIO_Input,GPIO_Input
STM32F446RETx,PC13,GPIO_Output,GPIO_Output
STM32F446RETx,PC13,GPIO_Analog,GPIO_Analog
STM32F446RETx,PC13,EVENTOUT,EVENTOUT
STM32F446RETx,PC13,GPIO_EXTI,GPIO_EXTI
STM32F446RETx,PC14,RCC_OSC32_IN,RCC_OSC_IN
STM32F446RETx,PC14,GPIO_Input,GPIO_Input
STM32F446RETx,PC14,GPIO_Output,GPIO_Output
STM32F446RETx,PC14,GPIO_Analog,GPIO_Analog
STM32F446RETx,PC14,EVENTOUT,EVENTOUT
STM32F446RETx,PC14,GPIO_EXTI,GPIO_EXTI
STM32F446RETx,PC15,ADC1_EXTI15,ADC_EXTI
STM32F446RETx,PC15,ADC2_EXTI15,ADC_EXTI
STM32F446RETx,PC15,ADC3_EXTI15,ADC_EXTI
STM32F446RETx,PC15,RCC_OSC32_OUT,RCC_OSC_OUT
STM32F446RETx,PC15,GPIO_Input,GPIO_Input
STM32F446RETx,PC15,GPIO_Output,GPIO_Output
STM32F446RETx,PC15,GPIO_Analog,GPIO_Analog
STM32F446RETx,PC15,EVENTOUT,EVENTOUT
STM32F446RETx,PC15,GPIO_EXTI,GPIO_EXTI
STM32F446RETx,PH0,RCC_OSC_IN,RCC_OSC_IN
STM32F446RETx,PH0,GPIO_Input,GPIO_Input
STM32F446RETx,PH0,GPIO_Output,GPIO_Output
STM32F446RETx,PH0,GPIO_Analog,GPIO_Analog
STM32F446RETx,PH0,EVENTOUT,EVENTOUT
STM32F446RETx,PH0,GPIO_EXTI,GPIO_EXTI
STM32F446RETx,PH1,RCC_OSC_OUT,RCC_OSC_OUT
STM32F446RETx,PH1,GPIO_Input,GPIO_Input
STM32F446RETx,PH1,GPIO_Output,GPIO_Output
STM32F446RETx,PH1,GPIO_Analog,GPIO_Analog
STM32F446RETx,PH1,EVENTOUT,EVENTOUT
STM32F446RETx,PH1,GPIO_EXTI,GPIO_EXTI
STM32F446RETx,PC0,ADC1_IN10,ADC_IN
STM32F446RETx,PC0,ADC2_IN10,ADC_IN
STM32F446RETx,PC0,ADC3_IN10,ADC_IN
STM32F446RETx,PC0,SAI1_MCLK_B,SAI_MCLK_B
STM32F446RETx,PC0,USB_OTG_HS_ULPI_STP,USB_OTG_HS_ULPI_STP
STM32F446RETx,PC0,GPIO_Input,GPIO_Input
STM32F446RETx,PC0,GPIO_Output,GPIO_Output
STM32F446RETx,PC0,GPIO_Analog,GPIO_Analog
STM32F446RETx,PC0,EVENTOUT,EVENTOUT
STM32F446RETx,PC0,GPIO_EXTI,GPIO_EXTI
STM32F446RETx,PC1,ADC1_IN11,ADC_IN
STM32F446RETx,PC1,ADC2_IN11,ADC_IN
STM32F446RETx,PC1,ADC3_IN11,ADC_IN
STM32F446RETx,PC1,I2S2_SD,I2S_SD
STM32F446RETx,PC1,I2S3_SD,I2S_SD
STM32F446RETx,PC1,SAI1_SD_A,SAI_SD_A
STM32F446RETx,PC1,SPI2_MOSI,SPI_MOSI
STM32F446RETx,PC1,SPI3_MOSI,SPI_MOSI
STM32F446RETx,PC1,GPIO_Input,GPIO_Input
STM32F446RETx,PC1,GPIO_Output,GPIO_Output
STM32F446RETx,PC1,GPIO_Analog,GPIO_Analog
STM32F446RETx,PC1,EVENTOUT,EVENTOUT
STM32F446RETx,PC1,GPIO_EXTI,GPIO_EXTI
STM32F446RETx,PC2,ADC1_IN12,ADC_IN
STM32F446RETx,PC2,ADC2_IN12,ADC_IN
STM32F446RETx,PC2,ADC3_IN12,ADC_IN
STM32F446RETx,PC2,SPI2_MISO,SPI_MISO
STM32F446RETx,PC2,USB_OTG_HS_ULPI_DIR,USB_OTG_HS_ULPI_DIR
STM32F446RETx,PC2,GPIO_Input,GPIO_Input
STM32F446RETx,PC2,GPIO_Output,GPIO_Output
STM32F446RETx,PC2,GPIO_Analog,GPIO_Analog
STM32F446RETx,PC2,EVENTOUT,EVENTOUT
STM32F446RETx,PC2,GPIO_EXTI,GPIO_EXTI
STM32F446RETx,PC3,ADC1_IN13,ADC_IN
STM32F446RETx,PC3,ADC2_IN13,ADC_IN
STM32F446RETx,PC3,ADC3_IN13,ADC_IN
STM32F446RETx,PC3,I2S2_SD,I2S_SD
STM32F446RETx,PC3,SPI2_MOSI,SPI_MOSI
STM32F446RETx,PC3,USB_OTG_HS_ULPI_NXT,USB_OTG_HS_ULPI_NXT
STM32F446RETx,PC3,GPIO_Input,GPIO_Input
STM32F446RETx,PC3,GPIO_Output,GPIO_Output
STM32F446RETx,PC3,GPIO_Analog,GPIO_Analog
STM32F446RETx,PC3,EVENTOUT,EVENTOUT
STM32F446RETx,PC3,GPIO_EXTI,GPIO_EXTI
STM32F446RETx,PA0,ADC1_IN0,ADC_IN
STM32F446RETx,PA0,ADC2_IN0,ADC_IN
STM32F446RETx,PA0,ADC3_IN0,ADC_IN
STM32F446RETx,PA0,RTC_AF2,RTC_AF
STM32F446RETx,PA0,SYS_WKUP0,SYS_WKUP
STM32F446RETx,PA0,TIM2_CH1,TIM_CH
STM32F446RETx,PA0,TIM2_ETR,TIM_ETR
STM32F446RETx,PA0,TIM5_CH1,TIM_CH
STM32F446RETx,PA0,TIM8_ETR,TIM_ETR
STM32F446RETx,PA0,UART4_TX,UART_TX
STM32F446RETx,PA0,USART2_CTS,USART_CTS
STM32F446RETx,PA0,GPIO_Input,GPIO_Input
STM32F446RETx,PA0,GPIO_Output,GPIO_Output
STM32F446RETx,PA0,GPIO_Analog,GPIO_Analog
STM32F446RETx,PA0,EVENTOUT,EVENTOUT
STM32F446RETx,PA0,GPIO_EXTI,GPIO_EXTI
STM32F446RETx,PA1,ADC1_IN1,ADC_IN
STM32F446RETx,PA1,ADC2_IN1,ADC_IN
STM32F446RETx,PA1,ADC3_IN1,ADC_IN
STM32F446RETx,PA1,QUADSPI_BK1_IO3,QUADSPI_BK_IO
STM32F446RETx,PA1,TIM2_CH2,TIM_CH
STM32F446RETx,PA1,TIM5_CH2,TIM_CH
STM32F446RETx,PA1,UART4_RX,UART_RX
STM32F446RETx,PA1,USART2_RTS,USART_RTS
STM32F446RETx,PA1,GPIO_Input,GPIO_Input
STM32F446RETx,PA1,GPIO_Output,GPIO_Output
STM32F446RETx,PA1,GPIO_Analog,GPIO_Analog
STM32F446RETx,PA1,EVENTOUT,EVENTOUT
STM32F446RETx,PA1,GPIO_EXTI,GPIO_EXTI
STM32F446RETx,PA2,ADC1_IN2,ADC_IN
STM32F446RETx,PA2,ADC2_IN2,ADC_IN
STM32F446RETx,PA2,ADC3_IN2,ADC_IN
STM32F446RETx,PA2,TIM2_CH3,TIM_CH
STM32F446RETx,PA2,TIM5_CH3,TIM_CH
STM32F446RETx,PA2,TIM9_CH1,TIM_CH
STM32F446RETx,PA2,USART2_TX,USART_TX
STM32F446RETx,PA2,GPIO_Input,GPIO_Input
STM32F446RETx,PA2,GPIO_Output,GPIO_Output
STM32F446RETx,PA2,GPIO_Analog,GPIO_Analog
STM32F446RETx,PA2,EVENTOUT,EVENTOUT
STM32F446RETx,PA2,GPIO_EXTI,GPIO_EXTI
STM32F446RETx,PA3,ADC1_IN3,ADC_IN
STM32F446RETx,PA3,ADC2_IN3,ADC_IN
STM32F446RETx,PA3,ADC3_IN3,ADC_IN
STM32F446RETx,PA3,SAI1_FS_A,SAI_FS_A
STM32F446RETx,PA3,TIM2_CH4,TIM_CH
STM32F446RETx,PA3,TIM5_CH4,TIM_CH
STM32F446RETx,PA3,TIM9_CH2,TIM_CH
STM32F446RETx,PA3,USART2_RX,USART_RX
STM32F446RETx,PA3,USB_OTG_HS_ULPI_D0,USB_OTG_HS_ULPI_D
STM32F446RETx,PA3,GPIO_Input,GPIO_Input
STM32F446RETx,PA3,GPIO_Output,GPIO_Output
STM32F446RETx,PA3,GPIO_Analog,GPIO_Analog
STM32F446RETx,PA3,EVENTOUT,EVENTOUT
STM32F446RETx,PA3,GPIO_EXTI,GPIO_EXTI
STM32F446RETx,PA4,ADC1_IN4,ADC_IN
STM32F446RETx,PA4,ADC2_IN4,ADC_IN
STM32F446RETx,PA4,DAC_OUT1,DAC_OUT
STM32F446RETx,PA4,DCMI_HSYNC,DCMI_HSYNC
STM32F446RETx,PA4,I2S1_WS,I2S_WS
STM32F446RETx,PA4,I2S3_WS,I2S_WS
STM32F446RETx,PA4,SPI1_NSS,SPI_NSS
STM32F446RETx,PA4,SPI3_NSS,SPI_NSS
STM32F446RETx,PA4,USART2_CK,USART_CK
STM32F446RETx,PA4,USB_OTG_HS_SOF,USB_OTG_HS_SOF
STM32F446RETx,PA4,GPIO_Input,GPIO_Input
STM32F446RETx,PA4,GPIO_Output,GPIO_Output
STM32F446RETx,PA4,GPIO_Analog,GPIO_Analog
STM32F446RETx,PA4,EVENTOUT,EVENTOUT
STM32F446RETx,PA4,GPIO_EXTI,GPIO_EXTI
STM32F446RETx,PA5,ADC1_IN5,ADC_IN
STM32F446RETx,PA5,ADC2_IN5,ADC_IN
STM32F446RETx,PA5,DAC_OUT2,DAC_OUT
STM32F446RETx,PA5,I2S1_CK,I2S_CK
STM32F446RETx,PA5,SPI1_SCK,SPI_SCK
STM32F446RETx,PA5,TIM2_CH1,TIM_CH
STM32F446RETx,PA5,TIM2_ETR,TIM_ETR
STM32F446RETx,PA5,TIM8_CH1N,TIM_CHN
STM32F446RETx,PA5,USB_OTG_HS_ULPI_CK,USB_OTG_HS_ULPI_CK
STM32F446RETx,PA5,GPIO_Input,GPIO_Input
STM32F446RETx,PA5,GPIO_Output,GPIO_Output
STM32F446RETx,PA5,GPIO_Analog,GPIO_Analog
STM32F446RETx,PA5,EVENTOUT,EVENTOUT
STM32F446RETx,PA5,GPIO_EXTI,GPIO_EXTI
STM32F446RETx,PA6,ADC1_IN6,ADC_IN
STM32F446RETx,PA6,ADC2_IN6,ADC_IN
STM32F446RETx,PA6,DCMI_PIXCLK,DCMI_PIXCLK
STM32F446RETx,PA6,I2S2_MCK,I2S_MCK
STM32F446RETx,PA6,SPI1_MISO,SPI_MISO
STM32F446RETx,PA6,TIM13_CH1,TIM_CH
STM32F446RETx,PA6,TIM1_BKIN,TIM_BKIN
STM32F446RETx,PA6,TIM3_CH1,TIM_CH
STM32F446RETx,PA6,TIM8_BKIN,TIM_BKIN
STM32F446RETx,PA6,GPIO_Input,GPIO_Input
STM32F446RETx,PA6,GPIO_Output,GPIO_Output
STM32F446RETx,PA6,GPIO_Analog,GPIO_Analog
STM32F446RETx,PA6,EVENTOUT,EVENTOUT
STM32F446RETx,PA6,GPIO_EXTI,GPIO_EXTI
STM32F446RETx,PA7,ADC1_IN7,ADC_IN
STM32F446RETx,PA7,ADC2_IN7,ADC_IN
STM32F446RETx,PA7,I2S1_SD,I2S_SD
STM32F446RETx,PA7,SPI1_MOSI,SPI_MOSI
STM32F446RETx,PA7,TIM14_CH1,TIM_CH
STM32F446RETx,PA7,TIM1_CH1N,TIM_CHN
STM32F446RETx,PA7,TIM3_CH2,TIM_CH
STM32F446RETx,PA7,TIM8_CH1N,TIM_CHN
STM32F446RETx,PA7,GPIO_Input,GPIO_Input
STM32F446RETx,PA7,GPIO_Output,GPIO_Output
STM32F446RETx,PA7,GPIO_Analog,GPIO_Analog
STM32F446RETx,PA7,EVENTOUT,EVENTOUT
STM32F446RETx,PA7,GPIO_EXTI,GPIO_EXTI
STM32F446RETx,PC4,ADC1_IN14,ADC_IN
STM32F446RETx,PC4,ADC2_IN14,ADC_IN
STM32F446RETx,PC4,I2S1_MCK,I2S_MCK
STM32F446RETx,PC4,SPDIFRX_IN2,SPDIFRX_IN
STM32F446RETx,PC4,GPIO_Input,GPIO_Input
STM32F446RETx,PC4,GPIO_Output,GPIO_Output
STM32F446RETx,PC4,GPIO_Analog,GPIO_Analog
STM32F446RETx,PC4,EVENTOUT,EVENTOUT
STM32F446RETx,PC4,GPIO_EXTI,GPIO_EXTI
STM32F446RETx,PC5,ADC1_IN15,ADC_IN
STM32F446RETx,PC5,ADC2_IN15,ADC_IN
STM32F446RETx,PC5,SPDIFRX_IN3,SPDIFRX_IN
STM32F446RETx,PC5,USART3_RX,USART_RX
STM32F446RETx,PC5,GPIO_Input,GPIO_Input
STM32F446RETx,PC5,GPIO_Output,GPIO_Output
STM32F446RETx,PC5,GPIO_Analog,GPIO_Analog
STM32F446RETx,PC5,EVENTOUT,EVENTOUT
STM32F446RETx,PC5,GPIO_EXTI,GPIO_EXTI
STM32F446RETx,PB0,ADC1_IN8,ADC_IN
STM32F446RETx,PB0,ADC2_IN8,ADC_IN
STM32F446RETx,PB0,I2S3_SD,I2S_SD
STM32F446RETx,PB0,SDIO_D1,SDIO_D
STM32F446RETx,PB0,SPI3_MOSI,SPI_MOSI
STM32F446RETx,PB0,TIM1_CH2N,TIM_CHN
STM32F446RETx,PB0,TIM3_CH3,TIM_CH
STM32F446RETx,PB0,TIM8_CH2N,TIM_CHN
STM32F446RETx,PB0,UART4_CTS,UART_CTS
STM32F446RETx,PB0,USB_OTG_HS_ULPI_D1,USB_OTG_HS_ULPI_D
STM32F446RETx,PB0,GPIO_Input,GPIO_Input
STM32F446RETx,PB0,GPIO_Output,GPIO_Output
STM32F446RETx,PB0,GPIO_Analog,GPIO_Analog
STM32F446RETx,PB0,EVENTOUT,EVENTOUT
STM32F446RETx,PB0,GPIO_EXTI,GPIO_EXTI
STM32F446RETx,PB1,ADC1_IN9,ADC_IN
STM32F446RETx,PB1,ADC2_IN9,ADC_IN
STM32F446RETx,PB1,SDIO_D2,SDIO_D
STM32F446RETx,PB1,TIM1_CH3N,TIM_CHN
STM32F446RETx,PB1,TIM3_CH4,TIM_CH
STM32F446RETx,PB1,TIM8_CH3N,TIM_CHN
STM32F446RETx,PB1,USB_OTG_HS_ULPI_D2,USB_OTG_HS_ULPI_D
STM32F446RETx,PB1,GPIO_Input,GPIO_Input
STM32F446RETx,PB1,GPIO_Output,GPIO_Output
STM32F446RETx,PB1,GPIO_Analog,GPIO_Analog
STM32F446RETx,PB1,EVENTOUT,EVENTOUT
STM32F446RETx,PB1,GPIO_EXTI,GPIO_EXTI
STM32F446RETx,PB2,I2S3_SD,I2S_SD
STM32F446RETx,PB2,QUADSPI_CLK,QUADSPI_CLK
STM32F446RETx,PB2,SAI1_SD_A,SAI_SD_A
STM32F446RETx,PB2,SDIO_CK,SDIO_CK
STM32F446RETx,PB2,SPI3_MOSI,SPI_MOSI
STM32F446RETx,PB2,TIM2_CH4,TIM_CH
STM32F446RETx,PB2,USB_OTG_HS_ULPI_D4,USB_OTG_HS_ULPI_D
STM32F446RETx,PB2,GPIO_Input,GPIO_Input
STM32F446RETx,PB2,GPIO_Output,GPIO_Output
STM32F446RETx,PB2,GPIO_Analog,GPIO_Analog
STM32F446RETx,PB2,EVENTOUT,EVENTOUT
STM32F446RETx,PB2,GPIO_EXTI,GPIO_EXTI
STM32F446RETx,PB10,I2C2_SCL,I2C_SCL
STM32F446RETx,PB10,I2S2_CK,I2S_CK
STM32F446RETx,PB10,SAI1_SCK_A,SAI_SCK_A
STM32F446RETx,PB10,SPI2_SCK,SPI_SCK
STM32F446RETx,PB10,TIM2_CH3,TIM_CH
STM32F446RETx,PB10,USART3_TX,USART_TX
STM32F446RETx,PB10,USB_OTG_HS_ULPI_D3,USB_OTG_HS_ULPI_D
STM32F446RETx,PB10,GPIO_Input,GPIO_Input
STM32F446RETx,PB10,GPIO_Output,GPIO_Output
STM32F446RETx,PB10,GPIO_Analog,GPIO_Analog
STM32F446RETx,PB10,EVENTOUT,EVENTOUT
STM32F446RETx,PB10,GPIO_EXTI,GPIO_EXTI
STM32F446RETx,PB12,CAN2_RX,CAN_RX
STM32F446RETx,PB12,I2C2_SMBA,I2C_SMBA
STM32F446RETx,PB12,I2S2_WS,I2S_WS
STM32F446RETx,PB12,SAI1_SCK_B,SAI_SCK_B
STM32F446RETx,PB12,SPI2_NSS,SPI_NSS
STM32F446RETx,PB12,TIM1_BKIN,TIM_BKIN
STM32F446RETx,PB12,USART3_CK,USART_CK
STM32F446RETx,PB12,USB_OTG_HS_ID,USB_OTG_HS_ID
STM32F446RETx,PB12,USB_OTG_HS_ULPI_D5,USB_OTG_HS_ULPI_D
STM32F446RETx,PB12,GPIO_Input,GPIO_Input
STM32F446RETx,PB12,GPIO_Output,GPIO_Output
STM32F446RETx,PB12,GPIO_Analog,GPIO_Analog
STM32F446RETx,PB12,EVENTOUT,EVENTOUT
STM32F446RETx,PB12,GPIO_EXTI,GPIO_EXTI
STM32F446RETx,PB13,CAN2_TX,CAN_TX
STM32F446RETx,PB13,I2S2_CK,I2S_CK
STM32F446RETx,PB13,SPI2_SCK,SPI_SCK
STM32F446RETx,PB13,TIM1_CH1N,TIM_CHN
STM32F446RETx,PB13,USART3_CTS,USART_CTS
STM32F446RETx,PB13,USB_OTG_HS_ULPI_D6,USB_OTG_HS_ULPI_D
STM32F446RETx,PB13,USB_OTG_HS_VBUS,USB_OTG_HS_VBUS
STM32F446RETx,PB13,GPIO_Input,GPIO_Input
STM32F446RETx,PB13,GPIO_Output,GPIO_Output
STM32F446RETx,PB13,GPIO_Analog,GPIO_Analog
STM32F446RETx,PB13,EVENTOUT,EVENTOUT
STM32F446RETx,PB13,GPIO_EXTI,GPIO_EXTI
STM32F446RETx,PB14,SPI2_MISO,SPI_MISO
STM32F446RETx,PB14,TIM12_CH1,TIM_CH
STM32F446RETx,PB14,TIM1_CH2N,TIM_CHN
STM32F446RETx,PB14,TIM8_CH2N,TIM_CHN
STM32F446RETx,PB14,USART3_RTS,USART_RTS
STM32F446RETx,PB14,USB_OTG_HS_DM,USB_OTG_HS_DM
STM32F446RETx,PB14,GPIO_Input,GPIO_Input
STM32F446RETx,PB14,GPIO_Output,GPIO_Output
STM32F446RETx,PB14,GPIO_Analog,GPIO_Analog
STM32F446RETx,PB14,EVENTOUT,EVENTOUT
STM32F446RETx,PB14,GPIO_EXTI,GPIO_EXTI
STM32F446RETx,PB15,ADC1_EXTI15,ADC_EXTI
STM32F446RETx,PB15,ADC2_EXTI15,ADC_EXTI
STM32F446RETx,PB15,ADC3_EXTI15,ADC_EXTI
STM32F446RETx,PB15,I2S2_SD,I2S_SD
STM32F446RETx,PB15,RTC_REFIN,RTC_REFIN
STM32F446RETx,PB15,SPI2_MOSI,SPI_MOSI
STM32F446RETx,PB15,TIM12_CH2,TIM_CH
STM32F446RETx,PB15,TIM1_CH3N,TIM_CHN
STM32F446RETx,PB15,TIM8_CH3N,TIM_CHN
STM32F446RETx,PB15,USB_OTG_HS_DP,USB_OTG_HS_DP
STM32F446RETx,PB15,GPIO_Input,GPIO_Input
STM32F446RETx,PB15,GPIO_Output,GPIO_Output
STM32F446RETx,PB15,GPIO_Analog,GPIO_Analog
STM32F446RETx,PB15,EVENTOUT,EVENTOUT
STM32F446RETx,PB15,GPIO_EXTI,GPIO_EXTI
STM32F446RETx,PC6,DCMI_D0,DCMI_D
STM32F446RETx,PC6,FMPI2C1_SCL,FMPI2C_SCL
STM32F446RETx,PC6,I2S2_MCK,I2S_MCK
STM32F446RETx,PC6,SDIO_D6,SDIO_D
STM32F446RETx,PC6,TIM3_CH1,TIM_CH
STM32F446RETx,PC6,TIM8_CH1,TIM_CH
STM32F446RETx,PC6,USART6_TX,USART_TX
STM32F446RETx,PC6,GPIO_Input,GPIO_Input
STM32F446RETx,PC6,GPIO_Output,GPIO_Output
STM32F446RETx,PC6,GPIO_Analog,GPIO_Analog
STM32F446RETx,PC6,EVENTOUT,EVENTOUT
STM32F446RETx,PC6,GPIO_EXTI,GPIO_EXTI
STM32F446RETx,PC7,DCMI_D1,DCMI_D
STM32F446RETx,PC7,FMPI2C1_SDA,FMPI2C_SDA
STM32F446RETx,PC7,I2S2_CK,I2S_CK
STM32F446RETx,PC7,I2S3_MCK,I2S_MCK
STM32F446RETx,PC7,SDIO_D7,SDIO_D
STM32F446RETx,PC7,SPDIFRX_IN1,SPDIFRX_IN
STM32F446RETx,PC7,SPI2_SCK,SPI_SCK
STM32F446RETx,PC7,TIM3_CH2,TIM_CH
STM32F446RETx,PC7,TIM8_CH2,TIM_CH
STM32F446RETx,PC7,USART6_RX,USART_RX
STM32F446RETx,PC7,GPIO_Input,GPIO_Input
STM32F446RETx,PC7,GPIO_Output,GPIO_Output
STM32F446RETx,PC7,GPIO_Analog,GPIO_Analog
STM32F446RETx,PC7,EVENTOUT,EVENTOUT
STM32F446RETx,PC7,GPIO_EXTI,GPIO_EXTI
STM32F446RETx,PC8,DCMI_D2,DCMI_D
STM32F446RETx,PC8,SDIO_D0,SDIO_D
STM32F446RETx,PC8,SYS_TRACED0,SYS_TRACED
STM32F446RETx,PC8,TIM3_CH3,TIM_CH
STM32F446RETx,PC8,TIM8_CH3,TIM_CH
STM32F446RETx,PC8,UART5_RTS,UART_RTS
STM32F446RETx,PC8,USART6_CK,USART_CK
STM32F446RETx,PC8,GPIO_Input,GPIO_Input
STM32F446RETx,PC8,GPIO_Output,GPIO_Output
STM32F446RETx,PC8,GPIO_Analog,GPIO_Analog
STM32F446RETx,PC8,EVENTOUT,EVENTOUT
STM32F446RETx,PC8,GPIO_EXTI,GPIO_EXTI
STM32F446RETx,PC9,DAC_EXTI9,DAC_EXTI
STM32F446RETx,PC9,DCMI_D3,DCMI_D
STM32F446RETx,PC9,I2C3_SDA,I2C_SDA
STM32F446RETx,PC9,I2S_CKIN,I2S_CKIN
STM32F446RETx,PC9,QUADSPI_BK1_IO0,QUADSPI_BK_IO
STM32F446RETx,PC9,RCC_MCO_2,RCC_MCO
STM32F446RETx,PC9,SDIO_D1,SDIO_D
STM32F446RETx,PC9,TIM3_CH4,TIM_CH
STM32F446RETx,PC9,TIM8_CH4,TIM_CH
STM32F446RETx,PC9,UART5_CTS,UART_CTS
STM32F446RETx,PC9,GPIO_Input,GPIO_Input
STM32F446RETx,PC9,GPIO_Output,GPIO_Output
STM32F446RETx,PC9,GPIO_Analog,GPIO_Analog
STM32F446RETx,PC9,EVENTOUT,EVENTOUT
STM32F446RETx,PC9,GPIO_EXTI,GPIO_EXTI
STM32F446RETx,PA8,I2C3_SCL,I2C_SCL
STM32F446RETx,PA8,RCC_MCO_1,RCC_MCO_
STM32F446RETx,PA8,TIM1_CH1,TIM_CH
STM32F446RETx,PA8,USART1_CK,USART_CK
STM32F446RETx,PA8,USB_OTG_FS_SOF,USB_OTG_FS_SOF
STM32F446RETx,PA8,GPIO_Input,GPIO_Input
STM32F446RETx,PA8,GPIO_Output,GPIO_Output
STM32F446RETx,PA8,GPIO_Analog,GPIO_Analog
STM32F446RETx,PA8,EVENTOUT,EVENTOUT
STM32F446RETx,PA8,GPIO_EXTI,GPIO_EXTI
STM32F446RETx,PA9,DAC_EXTI9,DAC_EXTI
STM32F446RETx,PA9,DCMI_D0,DCMI_D
STM32F446RETx,PA9,I2C3_SMBA,I2C_SMBA
STM32F446RETx,PA9,I2S2_CK,I2S_CK
STM32F446RETx,PA9,SAI1_SD_B,SAI_SD_B
STM32F446RETx,PA9,SPI2_SCK,SPI_SCK
STM32F446RETx,PA9,TIM1_CH2,TIM_CH
STM32F446RETx,PA9,USART1_TX,USART_TX
STM32F446RETx,PA9,USB_OTG_FS_VBUS,USB_OTG_FS_VBUS
STM32F446RETx,PA9,GPIO_Input,GPIO_Input
STM32F446RETx,PA9,GPIO_Output,GPIO_Output
STM32F446RETx,PA9,GPIO_Analog,GPIO_Analog
STM32F446RETx,PA9,EVENTOUT,EVENTOUT
STM32F446RETx,PA9,GPIO_EXTI,GPIO_EXTI
STM32F446RETx,PA10,DCMI_D1,DCMI_D
STM32F446RETx,PA10,TIM1_CH3,TIM_CH
STM32F446RETx,PA10,USART1_RX,USART_RX
STM32F446RETx,PA10,USB_OTG_FS_ID,USB_OTG_FS_ID
STM32F446RETx,PA10,GPIO_Input,GPIO_Input
STM32F446RETx,PA10,GPIO_Output,GPIO_Output
STM32F446RETx,PA10,GPIO_Analog,GPIO_Analog
STM32F446RETx,PA10,EVENTOUT,EVENTOUT
STM32F446RETx,PA10,GPIO_EXTI,GPIO_EXTI
STM32F446RETx,PA11,ADC1_EXTI11,ADC_EXTI
STM32F446RETx,PA11,ADC2_EXTI11,ADC_EXTI
STM32F446RETx,PA11,ADC3_EXTI11,ADC_EXTI
STM32F446RETx,PA11,CAN1_RX,CAN_RX
STM32F446RETx,PA11,TIM1_CH4,TIM_CH
STM32F446RETx,PA11,USART1_CTS,USART_CTS
STM32F446RETx,PA11,USB_OTG_FS_DM,USB_OTG_FS_DM
STM32F446RETx,PA11,GPIO_Input,GPIO_Input
STM32F446RETx,PA11,GPIO_Output,GPIO_Output
STM32F446RETx,PA11,GPIO_Analog,GPIO_Analog
STM32F446RETx,PA11,EVENTOUT,EVENTOUT
STM32F446RETx,PA11,GPIO_EXTI,GPIO_EXTI
STM32F446RETx,PA12,CAN1_TX,CAN_TX
STM32F446RETx,PA12,TIM1_ETR,TIM_ETR
STM32F446RETx,PA12,USART1_RTS,USART_RTS
STM32F446RETx,PA12,USB_OTG_FS_DP,USB_OTG_FS_DP
STM32F446RETx,PA12,GPIO_Input,GPIO_Input
STM32F446RETx,PA12,GPIO_Output,GPIO_Output
STM32F446RETx,PA12,GPIO_Analog,GPIO_Analog
STM32F446RETx,PA12,EVENTOUT,EVENTOUT
STM32F446RETx,PA12,GPIO_EXTI,GPIO_EXTI
STM32F446RETx,PA13,SYS_JTMS-SWDIO,SYS_JTMS-SWDIO
STM32F446RETx,PA13,GPIO_Input,GPIO_Input
STM32F446RETx,PA13,GPIO_Output,GPIO_Output
STM32F446RETx,PA13,GPIO_Analog,GPIO_Analog
STM32F446RETx,PA13,EVENTOUT,EVENTOUT
STM32F446RETx,PA13,GPIO_EXTI,GPIO_EXTI
STM32F446RETx,PA14,SYS_JTCK-SWCLK,SYS_JTCK-SWCLK
STM32F446RETx,PA14,GPIO_Input,GPIO_Input
STM32F446RETx,PA14,GPIO_Output,GPIO_Output
STM32F446RETx,PA14,GPIO_Analog,GPIO_Analog
STM32F446RETx,PA14,EVENTOUT,EVENTOUT
STM32F446RETx,PA14,GPIO_EXTI,GPIO_EXTI
STM32F446RETx,PA15,ADC1_EXTI15,ADC_EXTI
STM32F446RETx,PA15,ADC2_EXTI15,ADC_EXTI
STM32F446RETx,PA15,ADC3_EXTI15,ADC_EXTI
STM32F446RETx,PA15,CEC,CEC
STM32F446RETx,PA15,I2S1_WS,I2S_WS
STM32F446RETx,PA15,I2S3_WS,I2S_WS
STM32F446RETx,PA15,SPI1_NSS,SPI_NSS
STM32F446RETx,PA15,SPI3_NSS,SPI_NSS
STM32F446RETx,PA15,SYS_JTDI,SYS_JTDI
STM32F446RETx,PA15,TIM2_CH1,TIM_CH
STM32F446RETx,PA15,TIM2_ETR,TIM_ETR
STM32F446RETx,PA15,UART4_RTS,UART_RTS
STM32F446RETx,PA15,GPIO_Input,GPIO_Input
STM32F446RETx,PA15,GPIO_Output,GPIO_Output
STM32F446RETx,PA15,GPIO_Analog,GPIO_Analog
STM32F446RETx,PA15,EVENTOUT,EVENTOUT
STM32F446RETx,PA15,GPIO_EXTI,GPIO_EXTI
STM32F446RETx,PC10,DCMI_D8,DCMI_D
STM32F446RETx,PC10,I2S3_CK,I2S_CK
STM32F446RETx,PC10,QUADSPI_BK1_IO1,QUADSPI_BK_IO
STM32F446RETx,PC10,SDIO_D2,SDIO_D
STM32F446RETx,PC10,SPI3_SCK,SPI_SCK
STM32F446RETx,PC10,UART4_TX,UART_TX
STM32F446RETx,PC10,USART3_TX,USART_TX
STM32F446RETx,PC10,GPIO_Input,GPIO_Input
STM32F446RETx,PC10,GPIO_Output,GPIO_Output
STM32F446RETx,PC10,GPIO_Analog,GPIO_Analog
STM32F446RETx,PC10,EVENTOUT,EVENTOUT
STM32F446RETx,PC10,GPIO_EXTI,GPIO_EXTI
STM32F446RETx,PC11,ADC1_EXTI11,ADC_EXTI
STM32F446RETx,PC11,ADC2_EXTI11,ADC_EXTI
STM32F446RETx,PC11,ADC3_EXTI11,ADC_EXTI
STM32F446RETx,PC11,DCMI_D4,DCMI_D
STM32F446RETx,PC11,QUADSPI_BK2_NCS,QUADSPI_BK_NCS
STM32F446RETx,PC11,SDIO_D3,SDIO_D
STM32F446RETx,PC11,SPI3_MISO,SPI_MISO
STM32F446RETx,PC11,UART4_RX,UART_RX
STM32F446RETx,PC11,USART3_RX,USART_RX
STM32F446RETx,PC11,GPIO_Input,GPIO_Input
STM32F446RETx,PC11,GPIO_Output,GPIO_Output
STM32F446RETx,PC11,GPIO_Analog,GPIO_Analog
STM32F446RETx,PC11,EVENTOUT,EVENTOUT
STM32F446RETx,PC11,GPIO_EXTI,GPIO_EXTI
STM32F446RETx,PC12,DCMI_D9,DCMI_D
STM32F446RETx,PC12,I2C2_SDA,I2C_SDA
STM32F446RETx,PC12,I2S3_SD,I2S_SD
STM32F446RETx,PC12,SDIO_CK,SDIO_CK
STM32F446RETx,PC12,SPI3_MOSI,SPI_MOSI
STM32F446RETx,PC12,UART5_TX,UART_TX
STM32F446RETx,PC12,USART3_CK,USART_CK
STM32F446RETx,PC12,GPIO_Input,GPIO_Input
STM32F446RETx,PC12,GPIO_Output,GPIO_Output
STM32F446RETx,PC12,GPIO_Analog,GPIO_Analog
STM32F446RETx,PC12,EVENTOUT,EVENTOUT
STM32F446RETx,PC12,GPIO_EXTI,GPIO_EXTI
STM32F446RETx,PD2,DCMI_D11,DCMI_D
STM32F446RETx,PD2,SDIO_CMD,SDIO_CMD
STM32F446RETx,PD2,TIM3_ETR,TIM_ETR
STM32F446RETx,PD2,UART5_RX,UART_RX
STM32F446RETx,PD2,GPIO_Input,GPIO_Input
STM32F446RETx,PD2,GPIO_Output,GPIO_Output
STM32F446RETx,PD2,GPIO_Analog,GPIO_Analog
STM32F446RETx,PD2,EVENTOUT,EVENTOUT
STM32F446RETx,PD2,GPIO_EXTI,GPIO_EXTI
STM32F446RETx,PB3,I2C2_SDA,I2C_SDA
STM32F446RETx,PB3,I2S1_CK,I2S_CK
STM32F446RETx,PB3,I2S3_CK,I2S_CK
STM32F446RETx,PB3,SPI1_SCK,SPI_SCK
STM32F446RETx,PB3,SPI3_SCK,SPI_SCK
STM32F446RETx,PB3,SYS_JTDO-SWO,SYS_JTDO-SWO
STM32F446RETx,PB3,TIM2_CH2,TIM_CH
STM32F446RETx,PB3,GPIO_Input,GPIO_Input
STM32F446RETx,PB3,GPIO_Output,GPIO_Output
STM32F446RETx,PB3,GPIO_Analog,GPIO_Analog
STM32F446RETx,PB3,EVENTOUT,EVENTOUT
STM32F446RETx,PB3,GPIO_EXTI,GPIO_EXTI
STM32F446RETx,PB4,I2C3_SDA,I2C_SDA
STM32F446RETx,PB4,I2S2_WS,I2S_WS
STM32F446RETx,PB4,SPI1_MISO,SPI_MISO
STM32F446RETx,PB4,SPI2_NSS,SPI_NSS
STM32F446RETx,PB4,SPI3_MISO,SPI_MISO
STM32F446RETx,PB4,SYS_JTRST,SYS_JTRST
STM32F446RETx,PB4,TIM3_CH1,TIM_CH
STM32F446RETx,PB4,GPIO_Input,GPIO_Input
STM32F446RETx,PB4,GPIO_Output,GPIO_Output
STM32F446RETx,PB4,GPIO_Analog,GPIO_Analog
STM32F446RETx,PB4,EVENTOUT,EVENTOUT
STM32F446RETx,PB4,GPIO_EXTI,GPIO_EXTI
STM32F446RETx,PB5,CAN2_RX,CAN_RX
STM32F446RETx,PB5,DCMI_D10,DCMI_D
STM32F446RETx,PB5,I2C1_SMBA,I2C_SMBA
STM32F446RETx,PB5,I2S1_SD,I2S_SD
STM32F446RETx,PB5,I2S3_SD,I2S_SD
STM32F446RETx,PB5,SPI1_MOSI,SPI_MOSI
STM32F446RETx,PB5,SPI3_MOSI,SPI_MOSI
STM32F446RETx,PB5,TIM3_CH2,TIM_CH
STM32F446RETx,PB5,USB_OTG_HS_ULPI_D7,USB_OTG_HS_ULPI_D
STM32F446RETx,PB5,GPIO_Input,GPIO_Input
STM32F446RETx,PB5,GPIO_Output,GPIO_Output
STM32F446RETx,PB5,GPIO_Analog,GPIO_Analog
STM32F446RETx,PB5,EVENTOUT,EVENTOUT
STM32F446RETx,PB5,GPIO_EXTI,GPIO_EXTI
STM32F446RETx,PB6,CAN2_TX,CAN_TX
STM32F446RETx,PB6,CEC,CEC
STM32F446RETx,PB6,DCMI_D5,DCMI_D
STM32F446RETx,PB6,I2C1_SCL,I2C_SCL
STM32F446RETx,PB6,QUADSPI_BK1_NCS,QUADSPI_BK_NCS
STM32F446RETx,PB6,TIM4_CH1,TIM_CH
STM32F446RETx,PB6,USART1_TX,USART_TX
STM32F446RETx,PB6,GPIO_Input,GPIO_Input
STM32F446RETx,PB6,GPIO_Output,GPIO_Output
STM32F446RETx,PB6,GPIO_Analog,GPIO_Analog
STM32F446RETx,PB6,EVENTOUT,EVENTOUT
STM32F446RETx,PB6,GPIO_EXTI,GPIO_EXTI
STM32F446RETx,PB7,DCMI_VSYNC,DCMI_VSYNC
STM32F446RETx,PB7,I2C1_SDA,I2C_SDA
STM32F446RETx,PB7,SPDIFRX_IN0,SPDIFRX_IN
STM32F446RETx,PB7,TIM4_CH2,TIM_CH
STM32F446RETx,PB7,USART1_RX,USART_RX
STM32F446RETx,PB7,GPIO_Input,GPIO_Input
STM32F446RETx,PB7,GPIO_Output,GPIO_Output
STM32F446RETx,PB7,GPIO_Analog,GPIO_Analog
STM32F446RETx,PB7,EVENTOUT,EVENTOUT
STM32F446RETx,PB7,GPIO_EXTI,GPIO_EXTI
STM32F446RETx,PB8,CAN1_RX,CAN_RX
STM32F446RETx,PB8,DCMI_D6,DCMI_D
STM32F446RETx,PB8,I2C1_SCL,I2C_SCL
STM32F446RETx,PB8,SDIO_D4,SDIO_D
STM32F446RETx,PB8,TIM10_CH1,TIM_CH
STM32F446RETx,PB8,TIM2_CH1,TIM_CH
STM32F446RETx,PB8,TIM2_ETR,TIM_ETR
STM32F446RETx,PB8,TIM4_CH3,TIM_CH
STM32F446RETx,PB8,GPIO_Input,GPIO_Input
STM32F446RETx,PB8,GPIO_Output,GPIO_Output
STM32F446RETx,PB8,GPIO_Analog,GPIO_Analog
STM32F446RETx,PB8,EVENTOUT,EVENTOUT
STM32F446RETx,PB8,GPIO_EXTI,GPIO_EXTI
STM32F446RETx,PB9,CAN1_TX,CAN_TX
STM32F446RETx,PB9,DAC_EXTI9,DAC_EXTI
STM32F446RETx,PB9,DCMI_D7,DCMI_D
STM32F446RETx,PB9,I2C1_SDA,I2C_SDA
STM32F446RETx,PB9,I2S2_WS,I2S_WS
STM32F446RETx,PB9,SAI1_FS_B,SAI_FS_B
STM32F446RETx,PB9,SDIO_D5,SDIO_D
STM32F446RETx,PB9,SPI2_NSS,SPI_NSS
STM32F446RETx,PB9,TIM11_CH1,TIM_CH
STM32F446RETx,PB9,TIM2_CH2,TIM_CH
STM32F446RETx,PB9,TIM4_CH4,TIM_CH
STM32F446RETx,PB9,GPIO_Input,GPIO_Input
STM32F446RETx,PB9,GPIO_Output,GPIO_Output
STM32F446RETx,PB9,GPIO_Analog,GPIO_Analog
STM32F446RETx,PB9,EVENTOUT,EVENTOUT
STM32F446RETx,PB9,GPIO_EXTI,GPIO_EXTI
